Medication,Dosage,Description,NOTE,FOOD,BE_CAREFUL,DO_NOT_GIVE,SIDE_EFFECTS,INTERACTIONS,PREGANCY,BREAST_FEEDING,IMPORTANT,LENGTH_OF_TREATMENT ,Doxy_and_Children
Acyclovir,1 tab = 200 or 400 or 800 mg ,"Anti-viral: to treat Herpes Virus Diseases (Herpes Simplex, Herpes Zoster).","Treatment need to be started very soon after the symptoms. 
If started later than 24 hours in Varicella or 72 hours in Herpes Zoster, the 
treatment does not work: do not give",Can be taken with or without food.,"High doses (800 mg 5 times a day) can give confusion and hallucinations:
you need to let the patient know.",Kidney disease; dehydration; with Theophylline.,"Tirenedess, headache, rash, nausea, diarrhoea, vomiting.","If given together with Cotrimoxazole, Diclofenac, Gentamicin, 
Ibuprofen, Indomethacin, Meloxicam: increased risk of kidney 
toxicity.",Give only if necessary,Can give,,,
Adrenaline,1 amp = 1 cc = 1 mg.        Dose = 0.01 mg/kg (max 0.5 mg),"To treat severe allergic reactions, anaphylactic shock. Can be used also in severe asthma","- Use 1 cc syringes, to be able to measure well.
- Give IM, not subcutaneously, for better absorption.
- For babies: dilute the dose with NSS 0.2 cc.
- You can repeat this dose several times at 5 minutes intervals, 
until blood pressure and pulse rate are back to normal.",,,,,,Give only if necessary,Can give,,,
Albendazole,1 tab = 200 mg,"Anti worm (roundworms, pinworms, whipworms, hookworms).
NOT effective for FLAT worms (use Praziquantel or Niclosamide).
Can be used also for other worms infections, like Giardia, Cutaneous Larva Migrans,
Visceral Larva Migrans, Gnathostoma, Strongyloides, Neurocysticercosis.","- Common worms:
In heavy infections, repeat the dose after a few days - 1 week.
To prevent heavy loads, give every 4 - 6 months to everybody
in a community.
- Neurocysticercosis:
If you suspect Neurocysticercosis is better to refer to hospital
where they can do a CT scan to confirm diagnosis. 
It is advised to give in combination with Praziquantel. 
Start therapy with Prednisolone a few days before.","- Can be taken with or without food.
- If taken with fatty meal, absorption is increased by 5 times
- Tablets can be crushed and mixed with food.
- Tablets can be chewed or swallowed whole.",,,"Nausea, vomiting, abdominal pain.",,Do not give first 3 months.,Can give,,,
Aluminium Hydroxide,1 tab = 500 mg,To relieve gastric upset.,"Aluminium will only help the symptoms, it will not cure the 
disease. The symptoms will continue to come back if the cause 
is not found and treated.",Take after meals and at bedtime.,,,"Constipation, nausea, vomiting.","Aluminium decreases absorption of: Ciprofloxacin,
Chloroquine, Doxycycline, Isoniazid, Norfloxacin, Phenytoin,
Rifampicin, Tetracycline.",Can give,Can give,,,
Amitriptyline,1 tab = 10 or 25 or 50 mg,Anti-depressant (second choice after Fluoxetine and Sertraline).,"- Do not give many tablets to a patient if you can not supervise,
because taking an overdose of this medicine can cause death. 
- Try to follow the patient every week for the first month.
- To stop therapy, reduce slowly by 50 mg every 2 - 3 weeks.",Better to take with food to decrease gastric upset.,"Old people have more risk of side-effects; heart disease;
epilepsy, chronic constipation.","If patient is actively trying to kill himself; together with Co-Artem; 
together with Tramadol; to patients with heart disease","Sedation, feeling sleepy, abdominal pain, tiredeness, 
hypotension, oedema, palpitations, agitation, blurred vision, 
confusion, rash, constipation, urinary retention, dizziness, 
dry mouth, decreased libido.","- Alcohol: more risk of feeling sleepy.
- Carbamazepine, Phenobarbitone, Phenytoin: reduce effect of A.
- A. decreases effect of Carbamazepine, Phenobarbitone, 
Phenytoin. ",Do not give.,Can give,,,
Amlodipine,1 tab = 5 mg or 10 mg,To treat High Blood Pressure (Hypertension),"- Increase dose after 2 weeks in steps of 2.5 mg until BP is normal.
- Can be given in combination with Enalapril and
Hydrochlorothiazide.",Can be taken with or without food.,Old people.,"- If you hear a loud heart murmur (can not give in severe aortic 
stenosis): choose a different drug.
- Together with Mefloquine","Oedema, dizziness, headache, cramps.",Amytriptiline: increases risk of hypotension.,Only if necessary (2nd choice),Can give,See Hydrochlorothiazide.,,
Amoxicillin,1 caps = 250 or 500 mg,"Antibiotic for respiratory, urinary, intestinal, oral and skin bacterial infections.","For how long to give depends on the severity of the disease: from 5 days
to several weeks.","- Can be taken with food or without food.
- For children can be mixed with milk, cold drink or juice.","History of allergy (Amoxicillin, Ampicillin, Penicillin, Cloxacillin).",,,,Can give,Can give,,,
Ampicillin ,1 vial = 1g.  Reconstitute one vial with 4.6 cc of sterile water ! 1 cc = 200 mg.  Dose for severe infections: 50 mg/kg,"Antibiotic to treat severe bacterial infections (usually used together with Gentamicin):
meningitis, severe pneumonia, sepsis, severe bone infections, severe bowel infections,
severe trauma.","- If possible, for children calculate by mg/kg.
- When patient is better, give half the dose.
- You can use Ceftriaxone instead of Ampicillin+Gentamicin",,,,,,Can give,Can give,,,
Artemether - Lumefantrine.    NOT ON DRUG LIST.  APART OF MALARIA PROTOCOLS,,,"In Pregnant women there is high failure (20%)
***GIVE FOR 5 DAYS","If possible give together with 50 cc of milk or some oily or fried food:
(much better absorbed).",,,,,,,,,
Artesunate.   NOT ON DRUG LIST.  APART OF MALARIA PROTOCOLS,,,It can be difficult to find tablets containing only Artesunate.,,,,"Sometimes rash, fever.",,Can give,Can give,,,
Aspirin,1 tab = 300 mg,To treat pain and inflammation.,,Take with food or full glass of water to decrease stomach upset.,"Asthma, allergy, dehydration, gastric pain, G6PD deficiency, 
old people.","Gastric ulcer, Dengue Fever, children less than 16 years.","Gastric upset, bronchospasm.","- Aspirin increases effect of Phenytoin. 
- Prednisolone and Dexamethasone increase risk of stomach and 
intestinal bleeding).
- Aspirin decreases effect of Spironolactone.",Do not give last month of pregnancy.,Do not give.,,,
Atenolol,1 tab = 50 mg,To treat High Blood Pressure,,Can be taken with or without food.,"Kidney diseases, unstable heart failure","Asthma, diabetes.","Nightmares, cold extremities, tiredeness, low blood pressure, 
dizziness.",,Give only if necessary,Can give,See Hydrochlorothiazide.,,
Atropine,1 amp = 1 cc = 6 mg,To dry secretions before using ketamine.,"Many medics use Atropine for abdominal pain/spasms, but its
use for this problem is not recommended and its efficacy not 
sure.
It should not be used for abdominal pain.",,"Children and old people, gastro-oesophageal reflux, diarrhoea,
high blood pressure, fever.",,"Constipation, temporary slow heart rate, dilatation of the
pupils, pain in the eyes when looking at a light, dry mouth",,Give only if necessary,Give only if necessary,,,
Azythromycin,1 tab = 250 mg,"Antibiotic of the same group as Erythromycin.
More expensive, but more easy to use because is given once a day.
Useful to treat many bacterial infections: pneumonias, otitis, urethritis, tonsillitis,
pharingytis, cellulitis, whooping cough (pertussis), cholera, STIs (see p. 130)","-For community-acquired pneumonia give together with Ceftriaxone.    - Together with re-hydration fluids, Azythromycin can shorten the 
duration of diarrhoea and reduce the volume of stool losses.
- Can be used in Typhoid Fever if there is resistance to Ciprofloxacin.
For severe cases continue treatment for 7-10 days.",Can be taken with of without food.,Heart disease.,"Heart failure, liver failure. With Aluminium and Artesunate.","Joint pain, dizziness, headache, numbness, vision problems, taste not 
normal, gas in bowel. Not common: oedema, chest pain.",Aluminium reduces absorption of Azythrom.: do not give together.,Can give,Can give,,,
Benzathine Penicillin,,Antibiotic similar to Penicillin V and Amoxicillin.,,,,,,,,,,,
Benzyl Benzoate Lotion,,To treat Lice and Scabies.,,,,,,,,,,,
Buscopan (Hyoscine Butylbromide),1 vial = 1 cc = 20 mg,"To relieve pain from muscular spasms of urinary tract and intestine/bowel
(kidney/liver colics).",,Give with a full glass of water. Do not chew.,Old people; high blood pressure; diarrhoea.,,Constipation; urinary urgency and retention; dry mouth.,,Give only if necessary,Can give,,,
Carbamazepine,"1 tab = 200 mg. 1. Start with the lowest dose.
  2. Increase with small dose every week until no more seizures.","To treat epilepsy.
 First choice for focal and general epilepsy",,Give with food or full glass of water to decrease stomach upset.,"Heart disease, kidney disease, liver disease.",,"Nausea and vomiting, dizziness, drowsiness, headache, confusion,
vision problems (especially seing double), rash, blood disorders. 
Blurring of vision and dizziness are dose-related and will go away if
the dose is decreased or sometimes if time of taking the medication 
is changed.",,Do not give.,Can give,,,
Cefalexin,1 cap = 250 or 500 mg,"Antibiotic for bacterial infections: skin and soft tissue infections, urine tract infections,
urine tract infections prophylaxis (prevention), pneumonia.
1st choice antibiotic for not-compicated Urinary Tract Infections.","- For simple UTI (lower UTI) give for 3 days. 
- In pregnancy give for 7 days.
- For complicated UTI (pyelonephritis) give for 7-10 days.",Can be taken with food or without food.,"- Patients with epilepsy: high levels can increase risk of seizures.
- Patients with kidney disease: decrease dose if kidney functions is 
not normal.
- Patients who had a rash or oedema after using Amoxicillin or 
Penicillin.",If history of severe rash using Ceftriaxone,"Rash, headache, feeling sick (nausea, diarrhoea, stomach pain).",Zinc can decrease absorption of Cefalexin. Do not give together,Can give,Can give,,,
"Ceftriaxone (DIVIDED INTO 3 SECTIONS, NEED TO FIGURE OUT HOW TO DISPLAY)",1 amp = 1 g. Reconstitute 1 vial with 9.6 cc of Sterile Water !10 cc: 1 cc = 100 mg,"Antibiotic for severe bacterial infections.
Use as 1st choice. 2nd choice use Ampicillin + Gentamicin.",,,,,,,,,,,
Cetirizine (CANT ENTER DOSAGE???) --> ,,,,Can be taken with or without food,"Old people, people with liver and kidney diseases, epilepsy, people who
drink alcohol, people who work with machinery or driving.",,"Headache (especially in children), drowsiness, abdominal pain.",Alcohol increases drowsiness.,Give only if necessary,Give only if necessary,,,
Chloraphenicol,eye drops,"Antibiotic to treat bacterial conjunctivitis or to prevent bacterial infections after eye
injuries.",,,,,,,,,,,
Chloroquine NOT ON DRUG LIST.  APART OF MALARIA PROTOCOLS,,,"Chloroquine is still effective along the Thai-Burma border, but 
some resistance is slowly appearing.","- Better to take with food to decrease gastric upset. 
- For children crushed tablets can be mixed with sugar to mask the 
bitter taste.","Liver and kidney disease, G6PD deficiency.",,"Nausea and vomiting, headache, convulsions, visual problems, 
loss of hair colour or loss of hair, rash.",##saw listed with Aluminum ,Can give,Can give,,,
Chlorpheniramine - ORAL,1 tab = 4 mg,"For urticaria and allergic reactions (does not treat the cause, only the symptoms).",,Take with food or full glass of water to decrease stomach upset,See Cetirizine.,"Children with epilepsy, people who need to drive or to operate
machinery.","Drowsiness, headache, dry mouth, blurred vision, urinary 
retention",Alcohol increases drowsiness.,Give only if necessary,Give only if necessary,,,
Chlorpheniramine - IV/IM,1 amp =1 cc = 10 mg,"For emergency treatment of anaphylactic reactions (allergic shock) together with
Adrenaline. Give Adrenaline first!","Use 1 cc syringe if possible.
Give IV injection slowly, over 1 - 2 minutes.",,,,,,Can give,Can give,,,
Ciprofloxacin,1 tab = 250 or 500 mg,Antibiotic to be used for specific bacterial infections.,"Can be useful also in: bone, joint and gastro-intestinal infections.","Good to give with food to decrease gastric upset, but do 
NOT give with milk or yogurt. ","Epilepsy; G6PD deficiency, kidney failure, children, old people, liver 
disease, people with diabetes.","- NSAID (Ibuprofen, Indomethacin, Diclofenac...), 
Erythromycin, Amytriptiline.
- In people with heart failure, hypertension, old people 
(unless there is no other option). ","Abdominal pain; dizziness; sleep disorders; convulsions;
jaundice. Not common: psychoses, photosensitivity. SEVERE: Tendinopathy and tendon rupture, peripheral neuropathy. 
Can be irreversible.","- Ferrous/Iron, Aluminium, Calcium and Zinc decrease
absorption of Ciprofloxacin and decrease effect: give at separate
times of the day (not together).
- People taking anti-diabetic drugs may lose control of blood sugar
when they take Ciprofloxacin.
- Prednisolone and Dexamethasone may increase risk of tendon
rupture.
- Ciprofloxacin may decrease effect of Phenytoin.",Do not give.,Do not give.,,,
Clindamycin,1 cap = 150 or 300 mg,"Antibiotic for specific bacterial infections: bone and joints infections (osteomyelitis,
septic arthritis), diabetic foot, tooth infections.
Used in combination with Artesunate or Quinine for PF malaria (see pag. 175).","- Can be used in patients with sepsis in combination with Ceftriaxone if 
you do not have Metronidazole iv or oral .
- To use in Malaria treatment see: PF Malaria treatment","- Can be taken with or without food.
- Good to take with a full glass of water to avoid oesophageal upset.",Liver disease,Small children,"Diarrhoea (if severe STOP immediately), nausea, rash.",,Can give,Can give,,,
"Clindamicin with Artesunate (NOT APART OF DRUG LIST, POSSIBLY A DRUG GROUP)",,,"- Capsules can not be split or broken.
- For Malaria treatment always use Clindamycin together with 
Artesunate for 7 days.","- Can be taken with or without food.
- Good to take with a full glass of water to reduce risk of 
oesophageal irritation and ulceration.",,Baby less than 1 month old.,"Diarrhoea (STOP the drug), abdominal pain, jaundice, rash.",,Can give,Can give,,,
Cloxacillin ,1 caps = 250 mg,"Antibiotic used in chronic bone and respiratory infections, together with Metronidazole
and Amoxicillin. Useful in skin infections.","In chronic bone and respiratory infections give for 4 - 8 weeks in
combination with Metronidazole and Amoxicillin.",Take 30 minutes before food.,,,"Jaundice, haemolytic anaemia.",, Can give, Can give,,,
Clotrimoxazole cream,NO DOSAGE ,"Anti-fungal. To treat skin ringworms.
Not very effective for scalp ringworm. Not effective for nail ringworm.",NO NOTES (JUST TREATMENT TABLE),NO NOTES (JUST TREATMENT TABLE),NO NOTES (JUST TREATMENT TABLE),NO NOTES (JUST TREATMENT TABLE),NO NOTES (JUST TREATMENT TABLE),NO NOTES (JUST TREATMENT TABLE),NO NOTES (JUST TREATMENT TABLE),NO NOTES (JUST TREATMENT TABLE),,,
Co-amoxiclav,1 tab = 250(A)+125(C) or 500(A) + 125(C) or 875(A)+ 125(C) mg,"Antibiotic for bacteria infections when Amoxicillin does not work: respiratory tract
infections, bone and joint infections, abdominal infections, cellulitis, tooth infections.",,Better to take with food to decrease stomach upset.,"- Liver damage is more common using Co-amoxiclav than Amoxicillin 
alone. 
- Do not give therapy for longer than 14 days if possible.
- Stop if signs of liver damage (jaundice). ",Liver disease.,Diarrhoea can be more severe than with Amoxicillin alone.,,Can give,Can give,,,
Co-trimoxazole ,1 tab = 480 mg. (= TRIMETHOPRIM 80 mg + SULFAMETHOXAZOLE 400 mg),"Antibiotic for respiratory infections, skin bacterial infections, cellulitis, ear infections,
animal bite infections, pneumonias in chronic pulmonary disease, proSTATitis, septic
arthritis, diabetes foot infections, bone infections (in combination with Doxycycline)
You can use to treat acute Pneumonia, but if no improvement in 2 days, switch to
Amoxicillin",,"- Can take with or without food.
- Give with at least one full glass of water.",Asthma; G6PD deficiency.,Blood disorders; liver or kidney failure; < 6 weeks of age.,"Headache, liver damage, blood disorders, renal disorders, 
pancreatitis.",Cotrimoxazole increases effect of Phenytoin.,Do not give.,Be careful if the newborn baby has jaundice.,NO TREATMENT TABLE ,Length of treatment: - For proSTATitis: 4 – 6 weeks.- For septic arthritis: 4 tablets BID for 3 - 4 weeks.,
"Dapsone (NOT APART OF DRUG LIST, G6PD GROUP) ",,,,,G6PD deficiency,,,,,,,,
Dexamethasone,1 amp = 1cc = 4 mg,Anti inflammatory: for severe allergic reactions / shock.,See Prednisolone.,See Prednisolone.,See Prednisolone.,See Prednisolone.,See Prednisolone.,See Prednisolone.,Give only if necessary,Give only if necessary,,,
Dextrose 50%,1 amp = 20cc,Concentrated glucose solution to use to treat very low blood sugar levels," - It is irritant to veins: give via a large vein and use a large canula.
- For CHILDREN is better to use 5cc / kg of a 10%dextrose solution, if 
available.",,,,,,,,,,
"Diazepam (MULTIPLE NOTES, NEED TO FIGURE OUT HOW TO DISPLAY)","tab, 1 amp = 2 cc = 10 mg (0.2cc = 1mg)","There are NO indications for use of oral diazepam outside hospital.People can become addicted after only 2 weeks of use.Diazepam tablets should NOT be used outside hospital.  To stop acute fitting (= seizures, convulsions).","If possible, calculate dose by kg.
Give injection over 3 - 5 minutes.",,,,,,,,,,
Diclofenac,1 tab = 25 or 50 or 75 mg,To treat pain and inflammation.,See Ibuprofen.,See Ibuprofen.,See Ibuprofen.,See Ibuprofen.,See Ibuprofen.,See Ibuprofen.,Do not give.,Do not give.,,,
"Dihydroartemisinin+Piperaquine (DP) (NOT APART OF DRUG LIST, MALARIA GROUP) ",,,,,,,,,,,,,
Doxycycline,1 caps = 100 mg,"Antibiotic useful for many infections.
Can be used in combination to treat malaria (see Malaria Protocol pag. 173).","If you suspect Scrub Typhus, can give also to pregnant women. 
But if you have available, use Azythromycin.","- Better to give with food or milk to decrease gastric upset. 
- Give with a full cup of water.
- Have the patient sit upright for at least 30 minutes after taking 
the capsules.",Liver disease.,Children < 8 years (except if there is no other option).,"- Nausea/gastric pain, vomiting. 
- If patient starts to have a bad headache or vision problems: 
stop the drug.","- Aluminium, Iron and Zinc decrease absorption of 
Doxycycline.
- Carbamazepine and Phenobarbitone decrease effect of 
Doxycycline","- Do not give. 
- Exception: Scrub Typhus.",Give only if necessary,NEEDS MORE COLLUMS FOR EXTRA INFO,"- Pneumonias, animal bites, cellulitis : 1 - 2 weeks
- Scrub typhus, ear infections, mouth infections,
sinusitis, urine infections: 5 - 7 days
- Bone infections (together with Cotrimoxazole): 8 weeks
- Leptospirosis 1 week
- Early syphilis: 2 weeks
- Late syphilis 4 weeks
- Filariasis 6 - 8 weeks","For a long time it has been advised not to use Doxycycline in
children less than 8 years of age as it was thought it could
cause discoloration of teeth and incomplete tooth
development.
However new studies have showed that these side-effects are
linked especially to Tetracyclines and not to Doxyxycline.
If no other therapy is available"
Doxycycline with Aresunate (NOT APART OF DRUG LIST) ,,,"- Capsules can not be split or broken.
- For Malaria treatment always use Doxycycline together with 
with Artesunate for 7 days.","Good to take with a full glass of water and ask the patient to 
sit up for half hour to reduce risk of oesophageal irritation 
and ulceration.","In children < 8 years and pregnant women give only if you
do not have other options.",,Headache or vision problems (stop the drug). Vomiting.,"- Aluminium, Iron and Zinc decrease absorption of Doxycycline.
- Carbamazepine and Phenobarbitone decrease effect of 
Doxycycline.",Give only if necessary,Can give,,,
Enalapril,1 tab = 5 or 20 mg,"To treat high blood pressure, heart failure. If possible, ask a doctor for advice.","Can be given in combination with Amlodipine and
Hydrochlorothiazide.",Can take with or without food. ,"If possible, avoid using in people with kidney problems",Together with Spironolactone (there is risk of high Potassium).,"Blood Pressure can decrease too much, kidney problems, dry 
cough, high Potassium.","- Aluminium decreases absorption of Enalapril.
- Alcohol, Atenonolol, Hydrochlorothiazide, Furosemide increase
effect.",Do not give.,Avoid during first month.,See Hydrochlorothiazide.,,
Ergometrine,SEE PAGE 134,SEE PAGE 134,SEE PAGE 134,,,,,,,,,,
Erythromycin,,,,"Can take with or without food.
But if possible take after food to decrease stomach upset.",Liver disease and kidney disease.,,"Nausea, diarrhoea, rashes.",,Can give,Can give,,,
"Ferrous Iron, Ferrous Sulphate, Ferrous Fumarate. (NEED SCREENSHOT FOR EXTRA FIELDS) ",FERROUS SULFATE (F/S) - 200 mg tab = ELEMENTAL IRON ~40 mg. FERROUS FUMARATE (F/F)-100 mg tab = ELEMENTAL IRON ~ 33 mg,For treatment and prevention of anaemia.," These guidelines are for a population where the prevalence of anaemia
is > 40%, as in Karen State and many parts of Burma. - Tell the people that stool will become dark in colour","In theory it is better to take on empty stomach. But many people get
stomach upset and stop taking treatment. If stomach upset, take with
food. Do not give with milk or yogurt","If a child swallows many tablets the child can die.
Keep the tablets away from children.",,Often stomach pain if taken BID or TID; constipation.,"- Ferrous decreases absorption of Ciprofloxacin and Doxycycline.
- Ferrous decreases effect of Methyldopa.",,,NEEDS MORE COLLUMS FOR EXTRA INFO,,
Fluconazole,1 cap = 50 or 150 or 200 mg,Anti-fungal.,,Can take with or without food.,"- Liver and kidney disease.
- Avoid using with other drugs that can damage the liver.",,"Headache, rash (stop treatment).",,Can give,Can give,,,
Fluoxetine,1 tab = 20 mg,"Anti-depressant, generalised anxiety disorder and panic disorder.","- To stop therapy, reduce slowly by 10 mg every 2 - 4 weeks.
- Patients may have more anxiety for the first 2 - 3 weeks after starting
the medication.", Can be taken with food or without food.," - Heart disease, diabetes, epilepsy, gastro-intestinal bleeding.
- In young adult can cause suicidal thinking.
- Patients should not drive or operating machinery."," - With Amitryptiline; with Tramadol.
- To patients with not controlled epilepsy","- Diarrhoea, abdominal pain, nausea, constipation, gastric pain,
anxiety, convulsions, drowsiness, dizziness, dry mouth, dry eyes, 
headache, increased sweating, decreased libido.
- RARE SYNDROME: tremor, rigidity, tachycadia, high or low blood
pressure, diarrhoea, shivering, high temperature, agitation, confusion","- Alcohol: more risk of feeling sleepy.
- Carbamazepine, Phenobarbitone, Phenytoin: reduce effect of 
Fluoxetine.
- Fluoxetine decreases effect of Carbamazepine, 
Phenobarbitone, Phenytoin.",Give only if necessary,Give only if necessary,,,
Folic Acid,1 tab = 5 mg,,,Can take with or without food.,,,,,,,,,
Furosemide PO,1 tab = 20 or 40 mg,"Diuretic.
 For early phase of nephrotic syndrome, for chronic heart failure.",,Can take with or without food.,"Old people, low blood pressure, gout, diabetes.",Dehydration.,"Low Sodium and low Potassium, low blood pressure, 
high glucose.",,Do not give to treat high blood pressure (use Methyldopa).,Can give,,,
Furosemide IV,1 amp = 2 cc = 20 mg,"Diuretic.
 Emergency treatment for patients in pulmonary oedema (acute heart failure)
and very high blood pressure (>220/120).",Repeat after 1 - 2 hours if not improving.,,"Old people, low blood pressure, gout, diabetes","Dehydration, to treat high blood pressure in pregnancy (use
Labetalol or Hydralazine).","Low Sodium and low Potassium, low blood pressure, 
high glucose.",,Give only if necessary,Can give,,,
Gentamicin,1 amp = 2 cc = 80 mg,"Antibiotic to use together with ampicillin for severe bacterial infections:
meningitis, sepsis, severe pneumonia, severe kidney infections, severe biliary-tract
infections, severe trauma.","- If possible, calculate the dose by weight.
- Can use Ceftriaxone instead of Ampicillin+Gentamicin.
- Max duration 7 days.",,Kidney disease.,"If possible, do not give with Furosemide. If you have to, give
one drug in the morning and the other one in the evening.",Ear and kidney damage,,If possible avoid and use Ceftriaxone.,Can give,,,
Gentamicin,Eye Drops,"Antibiotic drops.
To treat bacterial conjunctivitis or to prevent bacterial infections after eye injuries.","CHILD and ADULT At the beginning 1 drop every 2 hours, after improvement QID. 
Continue for 48 hours after healing.",,,,,,,,,,
Gliclazide,1 tab = 40 mg,"To treat Diabetes Type 2. Alone or in combination with Metformin when this one alone
can not control blood sugar levels.","Teach patients to recognise symptoms of low blood sugar 
(sweating, weak, confusion, nightmares) and take fruit or food 
or sugar to raise blood sugar. If having low blood sugar 
frequently, reduce dose of Gliclazide.","- Take with meals at same time every day. 
- If people eat less or do not eat, tell them not to take the
medicine that day.","Old people can get more easily in hypoglycaemia (very low
sugar); G6PD deficiency","In people with heart disease who are taking Atenolol or
Propranolol or other drugs of the same family (Beta-blockers)","Low blood sugar, high blood pressure, headache, dizziness
diarrhoea, back and joint pain, viral infections, bronchitis.","- Gliclazide can increase toxic effect of Alcohol.
- Atenolol and Ciprofloxacin can increase risk of 
hypoglycaemia.
- Hydrochlorothiazide may decrease effect of Gliclazide",Do not give.,"Can give, but mother needs to be careful not to go into 
hypoglycaemia.","Start with 40 mg to be taken with breakfast.
If blood sugar still high, increase by 40 mg every 2 weeks.
Stop increasing dose as soon as blood sugar level is normal.
Maximum dose 160 mg BID.",,
Glipizide,1 tab = 5 mg,"To treat Diabetes Type 2. Alone or in combination with Metformin when this one alone
can not control blood sugar levels.","- If glucose still high with maximum dose, check if the patient is 
following a sugar free diet and if he is taking the drugs correctly. 
If yes, switch to Metformin or add Metformin. 
If already done, if possible send to specialist.
- Teach patients to recognise symptoms of low blood sugar 
(sweating, weak, confusion, nightmares) and take fruit or food 
or sugar to raise blood sugar. If having low blood sugar 
often, reduce dose of Glipizide.","- Take 30 minutes BEFORE meal.
- If people one day eat less than normal or do not eat one meal, tell
them not to take the medicine that day.","- Liver disease, alcohol use, G6PD deficiency.
- Old people can get more easily in hypoglycaemia (very low sugar).",See Gliclazide,"Low blood sugar, gastric upset, diarrhoea, dizziness, tremor.",See Gliclazide,Do not give.,"Can give, but mother needs to be careful not to go into 
hypoglycaemia.","Start with 2.5 mg to be taken 30 minutes before breakfast.
If blood sugar still high, increase by 2.5 mg every 2 weeks.
Stop increasing dose as soon as blood sugar level is normal.
Maximum dose 10 mg BID",,
Griseofulvin,1 tab = 500 mg,"Anti-fungal. To treat ringworm of the scalp and generalised ringworm of the skin in children and adults over 50 years. (To treat localised ringworm of skin, use Clotrimazole cream).",,"Give after meals (if possible with some fat, like oil, to
increase absorption).",,"- Adults (both men and women should not take it - it
can cause birth defects).
- Severe liver disease.",Headache; dizziness; blood disorders.,,Do not give.,Do not give.,,,
Hydrochlorothiazide,1 tab = 50 mg,To treat high blood pressure.  Start treatment only if BP > 160/110 on at least 3 checks over several weeks and if youcan follow the patient with supply of drugs (it is a chronic disease!). Start treatment immediately only if BP > 220/120.,"- Doses higher than 25 mg usually are not more effective and 
give more side-effects.
- Give in the morning to avoid passing urine at night",Can take with or without food.,"Diabetes, gout, kidney diseases, malnutrition,liver disease, 
Systemic Lupus Erythematosus.",Severe liver disease.,,"- Alcohol, Furosemide, Prednisolone increase effect of 
Hydroclorothiazide.
- Carbamazepine, Prednisolone: more risk of low sodium.
- Ibuprofen, Indomethacin, etc.: more risk of kidney damage,
and less diuretic effect.
- Hydroclorothiazide decreases effect of Anti-diabetic drugs.
- Hydroclorothiazide increases concentration of Fluconazole.",Do not give: use Methyldopa.,Can give,"Start on a drug to treat high blood pressure only after patient has tried
for 1- 2 months to have a healthy lifestyle with regular exercise and a
healthy diet: reduce intake of salt, alcohol, coffee, sugary drinks; stop
or reduce smoking and reduce weight if overweight.
- When starting therapy explain that the tablets have to be taken
longterm. If the patients stop taking the tablets when they feel better,
the blood pressure will go up again.
- The tablets do NOT CURE the high blood pressure, but only
CONTROL.
- If possible, check Creatinine before starting and then every year.",,
Ibuprofen,1 tab = 200 or 400 mg,"To treat pain, inflammation, fever with discomfort in children."," People’s bodies react in different ways to anti-inflammatories: one medicine 
can be good for one person but not for another. 
 For example: one person can improve with Ibuprofen but not with Diclofenac; 
 another can improve with Diclofenac but not with Ibuprofen; another can 
 improve with Indomethacin and not with Diclofenac, etc. This means that if a 
 person does not get better with one, you can try another one and then 
 another one. Anti-inflammatories found in different clinics: Aspirin, Diclofenac, 
 Ibuprofen, Indomethacin, Ketoprofen, Meloxicam, Naproxen.",Take with food or milk to avoid gastric upset,"Old people, kidney problems, asthma, heart problems.","Peptic ulcer (new and old); Dengue fever, together with Aspirin, 
allergy to Aspirin, kidney failure, severe heart failure, severe liver 
disease.","Stomach pain,peptic ulcers, kidney damage, rash, headache, 
dizziness, hearing problems; kidney failure.","- Ciprofloxacin and Norfloxacin: more risk of convulsions.
- Dexamethasone and Prednisolone (corticosteroid group): more risk 
of stomach bleeding.
- Furosemide and Hydrochlothiazide: more risk of kidney damage.
- Ibuprofen increases effects of Phenytoin.
- Ibuprofen decreases effects of Atenolol and Propanolol.",Do not give.,Give only if necessary,,,
Indomethacin,1 tab = 25 mg,To treat pain and inflammation.,See Ibuprofen.,See Ibuprofen.,"See Ibuprofen. 
Also epilepsy, psychiatric problems.",See Ibuprofen.,See Ibuprofen.,See Ibuprofen.,Do not give.,Give only if necessary,,,
Itraconazole,1 tab = 100 or 200 mg,Anti-fungal used for difficult fungal infections.,"If possible, consult with a doctor before starting Itraconazole."," - Take tablets after a full meal.
- Swallow the tablets whole: do not chew, break or crush","Kidney disease, heart failure.","With Carbamazepine, Dexamethasone, Domperidone,
Phenobarbitone, Phenytoin, Prednisolone, Rifampicin.","Diarrhoea, nausea, headache, heart failure, rash, vomiting,
constipation, loss of hair, peripheral neuropathy","- Aluminium and Omeprazole decrease absorption of Itraconazole:
take Itraconazole 2 hrs before or 1 hr after taking these drugs.
- Sodium Valproate can increase liver toxicity.",Do not give.,Do not give.,,,
Ivermectin,1 tab = 3 or 6 mg,"Anti worm used to treat Scabies, Larva migrans, Strongyloides. Very useful also to treat lice.",It is also effective against lice and roundworms.,Take on empty stomach with water,Asthma,,"Dizziness, chest discomfort, peeling of skin, rash, fever.",,Do not give.,Do not give.,,,
Ketamine,1 amp = 10cc = 500mg,,"- Before Ketamine, give Atropine to decrease secretions.
- Use it on empty stomach.
- Check concentration of vial before use.
- Can give Diazepam IV 0.05 - 0.1 mg/kg (separate syringe) to
decrease anxiety upon wakening and reduce muscle contractions.",,,"High blood pressure, Eclampsia, Stroke","Increased secretions, high blood pressure, low blood pressure, 
stop breathing, slow pulse, fast pulse, involuntary muscle 
movements, temporary hallucinations and nightmares, double 
vision.",,"- Use only if you have received training in anaesthesia.
- Be careful with high doses last 3 months of pregnancy",Can give,,,
Lidocaine,1 amp 1% = 1cc = 10 mg.       1 amp 2% = 1cc = 20 mg,For local anaesthesia.,,,"Epilepsy, severe shock, liver and kidney problems, pregnancy.",,,,Can give (but careful with high doses in last 3 months).,,,,
Lidocaine + Adrenaline,1 vial 1% = 1cc = 10 mg.         1 vial 2% = 1cc = 20 mg. ,For local anaesthesia.,"Lidocaine + Adrenaline effect with last longer than Lidocaine 
alone.",,"Epilepsy, severe shock, liver and kidney problems,
pregnancy.",,,,Can give (but careful with high doses in last 3 months).,Can give,,,
Loratadine,1 tab = 10 mg,"Anti-allergic which does not make people too sleepy. For urticaria and allergic reactions (does not treat the cause, only the symptoms)",,Can be taken with food or without food.,"Old people, people with epilepsy, people drinking alcohol.",,"Headache, drowsiness, abdominal pain, agitation.",,Can give,Give only if necessary,,,
Mebendazole,1 tab = 100 or 500 mg,"Anti-worm (roundworms, hookworms, pinworms).
NOT effective for FLAT WORMS.","- Can be taken with food or without food.
- Tablets can be crushed and mixed with food.
- Tablets can be chewed or swallowed whole.",,,,,,Do not give first 3 months.,Can give,,,
Mefloquine (NOT APART OF DRUG LIST),,," Mefloquine total dose to give is 25 mg/kg.
But it is best tolerated when split in 3 doses of 8 mg/kg each and given over 
3 days. -- Always use Mefloquine together with Artesunate for 3 or 7 days 
(with a 3 days course the risk of a recurring infection is higher).",Give with food and with a full glass of water.,,"Allergy, pregnancy, child < 5 kg, if Mefloquine was given in past 2 
months, epilepsy, mental illness, neurological symptoms (seizures, 
drowsiness, coma…), jaundice, severe malaria.","Nausea, vomiting, diarrhoea, dizziness, headache, abnormal dreams,
not sleeping at night, palpitations, tremor, anxiety, panic attacks, 
agitation, psychosis, convulsions, vision problems, chest pain, fast pulse, ",,Do not give.,Can give,,,
Meloxicam,1 tab = 7.5 or 15 mg,To treat pain and inflammation.,See Ibuprofen.,See Ibuprofen.,See Ibuprofen.,See Ibuprofen.,See Ibuprofen.,See Ibuprofen.,Do not give.,Do not give.,,,
Metformin,1 tab = 500 or 750 or 850 or 1000 mg,"First choice drug to treat Diabetes Type 2 and Diabetes which develops during
 pregnancy.
 Alone or in combination with other anti-diabetic drugs (Glipizide or Gliclazide).","- Start with 500 mg to be taken with breakfast. 
- If blood sugar is still high after 2 weeks, increase by 500 mg 
every 2 weeks. 
- Stop increasing as soon as blood sugar level is normal.
- Maximum dose 1000 mg BID.",,"- STOP if nausea, vomiting and diarrhoea.
- STOP if patient dehydrated (careful in old people).",Kidney disease.,"Heart palpitations, low blood sugar, decreased absorption of 
B12",High alcohol intake can give severe syndrome(lactic acidosis).,Can give,Can give,"Start with 500 mg to be taken with breakfast.
 If blood sugar still high, increase by 500 mg / day every 2 weeks.
 Stop increasing dose as soon as blood sugar level is normal.
 Maximum dose 2000 mg (2 g) BID.",,
Methyldopa,,To treat hypertension during pregnancy.,,Can be taken with or without food.,,"Depression, active liver disease.","Dry mouth, stomatitis (mouth infection), oedema, nightmares, 
jaundice, anaemia.","- Alcohol, Propranolol and Anti-hypertensives increase effect of 
Methyldopa.
- NSAID (Ibuprofen, etc), Prednisolone, Ferrous, Combined Oral 
Contraceptives decrease effect of Methyldopa.",Can give,Can give,,,
Metoclopramide- Tab,1 tab = 10 mg,Anti-vomiting. Anti-nausea. For migraine together with anti-pain. For vertigo.,,Take half hour before food and at bedtime.,"Use only for a few days. 
Using longer than 10 weeks can cause a serious movement 
disorder.","- Patients with epilepsy.
- If you suspect bowel obstruction.","Drowsiness, feeling tired, feeling restless, heart failure, rash,
confusion.",,Can use if severe vomiting and nausea,Give only if necessary,,,
Metoclopramide- IV,1 amp = 2cc = 10mg,Anti-vomiting. To use only for severe vomiting.,Give only if vomiting is severe.,,"Children < 10 kg, old people, asthma, epilepsy, liver disease","Kidney disease, gastro-intestinal obstruction, haemorrhage.","Muscle spasms, also of eye muscles (side effects stop within
24 of stopping the drug).",,"Give ONLY if really needed. 
Try to avoid.",Give ONLY if really needed,,,
Metronidazole (NEED SCREENSHOT FOR EXTRA INFO) ,1 tab = 200 mg,Antibiotic.,,Take with food to decrease gastric upset.,If alcohol taken together can give bad reaction,,Unpleasant taste; stomach ache; headache; jaundice.,Metronidazole increases effect of Phenytoin.,Do not give high doses.,Can give,,,
Misoprostol,,,SEE PAGE 134,,,,,,,,,,
Nitrofurantoin,,,NO TREATMENT TABLE ,,G6PD deficiency,,,,,,,,
Norfloxacin,,,NO TREATMENT TABLE ,,G6PD deficiency,,,,,,,,
Ofloxacin,,,NO TREATMENT TABLE ,,G6PD deficiency,,,,,,,,
Omeprazole,1 tab = 20 mg,"To treat severe gastritis, peptic ulcer and oesophageal reflux."," - Most of the patients with peptic ulcer will be better after 4 weeks with 20 mg
once a day, but some patients will require double dose and 8 weeks
treatment.
- Some patients with oesophageal reflux might need up to 12 weeks
treatment.
- Stop anti-inflammatories drugs.
- If a person need chronic therapy with antiinflammatory drugs, can give
together all the time to prevent ulcer.
- If used for 8 weeks or more, do not stop suddenly, but step down slowly, to 
avoid worsening of the symptoms.","- Take in the morning, 30 minutes before breakfast.
- If taken twice a day, take second dose 30 minutes before
dinner or before going to bed. 
- Do not chew or crush.
- Avoid spicy food.","- Liver disease.
- If possible do not give to patients older than 65 years.","Together with Cimetidine or Ranitidine. If you need to give
together, give one in the morning and the other in the evening.","- Abdominal pain, headache, rash, diarrhoea.
- Sometimes agitation, dizziness, fatigue, itchy body.",,Can give,Can give,,,
Oral Rehydration Solution (NEED SCREENSHOT FOR EXTRA INFO) ,,To treat de-hydration in patients with diarrhoea.,"Continue breast-feeding.
- Give solution slowly and often using a cup also for children.
- If patient vomits, wait 10 minutes and then start again.",,,,,,,,,,
Oxytocin,,,See Page 134*,,,,,,,,,,
Paracetamol - Oral,1 tab = 500 mg,To treat pain and fever.,"- If possible calculate by kg.
- It can be given every 4 hours, but never give more than Max. dose",Can be taken with or without food.,"Alcoholism; jaundice. 
Liver and kidney disease: do not give high doses.",,"Not common: rash, blood disorders. 
Liver damage if over dosage",,Can give,Can give,Max dose has been changed from 4 g / day to 3 g / day.,,
PARACETAMOL - IM,1 amp = 2cc = 300 mg,Anti-fever when patient is unconscious.,,,See Paracetamol oral.,,See Paracetamol oral.,,Can give,Can give,,,
Penicillin V,1 tab = 250 mg,"Antibiotic for bacterial infections, usually now replaced by Amoxicillin.
Useful in Rheumatic Fever treatment and to prevent getting Rheumatic Fever again.",Take 6 hourly (also during the night).,Take with water on empty stomach (better absorption).,"- History of allergy (Penicillin, Amoxicillin, Cloxacillin). 
- In patient with asthma.",,"Diarrhoea, nausea, vomiting. Severe allergic reactions.",,Can give,Can give,,,
Phenobarbitone (NEED SCREENSHOT FOR EXTRA INFO),1 tab = 60 mg,To treat epilepsy.,"- If still having seizures with maximum dose, need to change drug.
- Patients should continue to take it all the time. If no seizures in 2 
years time, then you can try to slowly reduce and stop.
- If patient starts having seizures again, Phen. has to be started again.
- Never stop suddenly, always decrease slowly.
- In long term therapy, consider giving Calcium and vit. D.","- Can take with or without food.
- Increase intake of food rich in Calcium.",Children and old people; alcohol abuse; liver and kidney disease.,Severe liver disease.,"Hepatitis, low blood pressure, drowsiness, sleepiness, hyperactivity, 
poor memory; hallucinations."," - Alcohol increases sleepiness.
- Phenobarbitone decreases effect of Doxycycline, Metronidazole, 
Combined Oral Contraceptives (COC), Depo.","- Benefits usually greater than risks. 
- Consult with a doctor if possible."," - Benefits usually greater than risks. 
- Consult with a doctor if possible.
- Baby can become drowsy.",,,
Phenytoin (SCREENSHOTS NEED TO BE ADJUSTED) ,1 tab = 100 mg,To treat epilepsy (general and focal ).,"- If possible check drug blood levels every 6 months, as good levels
and toxic levels are very near.
- Give B1,6,12 tablets to prevent disease of the peripheral nerves.
- Very important to tell patients to clean well their gums and teeth 2-3
times a day.",Better to take on empty stomach.,G6PD deficiency," - With Co-artem (Phenytoin decreases effect), Sertraline.
- If heart rate is < 50/min.","Swollen gums, peripheral neuropathy (damage to peripheral
nerves with tingling and numbness), rash, acne, anaemia, difficult
sleeping, twitching.
Toxic: double vision, tremor,difficulty speaking, confusion,
changes in behaviour, walking with legs apart (ataxia).","- Phenytoin decreases effect of Amlodipine, Albendazole, Doxycycline, Dexamethasone, Prednisolone, Itraconazole, Praziquantel.
- Ciprofloxacin can increase or decrease effects of Phenytoin.
- Fluconazole can increase effects of Phenytoin.
- Isoniazid and Metronidazole can increase risk of peripheral 
neuropathy.
- Rifampicin can decrease effects of Phenytoin.",Do not give.,Can give,,,
Praziquantel,1 tab = 600 mg,Anti-worm effective for flat worms and flukes,,"- Take with water during meals. Do not chew to avoid bitter
taste.
- Tablets can be crushed and mixed with food or liquid.",,,"Nausea, fatigue, dizziness, abdominal discomfort.",,Do not give first 3 months.,Can give,,,
Prednisolone,1 tab = 5 mg,"For severe allergic reaction, asthma, Nephrotic Syndrome, Rheumatic Fever."," - Better to take it in the morning in a single dose after breakfast.
- Give Albendazole to prevent worm spread.
- Be sure patient does not have TB if giving long course (can make it worse).
- Do not stop suddenly if given for more than 3 weeks, but decrease slowly.",Take with food or milk or after meal to decrease gastric upset.,"Hypertension, heart failure, liver and kidney disease, diabetes, 
osteoporosis, glaucoma, epilepsy, peptic ulcer, hypothyroidism.",Peptic ulcer.,"In chronic use: 
Diabetes, osteoporosis, gastric upset, increased severity of
infections, candida, epilepsy, glaucoma, cataract, muscle 
weakness, bone fracture, tendon rupture, increased weight, 
irregular periods.","- NSAID (Ibuprofen, Indomethacin) and Aspirin: more risk of
` bleeding from stomach and bowel.
- Prednisolone reduces effect of Anti-diabetics, Atenolol,
Propranolol, Furosemide, Hydochlorothiazide and Methyldopa","Can give max 40 mg OD for short courses
(up to 5 days).","Can give max 40 mg OD for short courses
(up to 5 days).",,,
Primaquine,1 tab = 15 mg,To kill liver stages of PV malaria and PF gametocytes.," - If the patient has another Pv infection after 14 days from the first:
repeat 14 days treatment. 
- If a Primaquine dose is missed, DO NOT TAKE DOUBLE DOSE. 
Continue normal dose until all tablets have gone. The important is to take 14 
doses, even if this takes 15 days or more.
- If you do not know G6PD status, do NOT give Primaquine daily, but weekly.
- Primaquine tablets are very bitter if crushed: for children mix with juice or 
sugar.
- If there is vomiting within 30 minutes, repeat the dose.
- If possible, supervise treatment
- Educate patient to strop treatment and come to clinic if they see any signs of
bleeding (dizziness, difficult breathing, blood from the g",Better to take after food to decrease gastric upset.,,Children less than 6 months.,"Nausea, vomiting, abdominal pain",,Do not give,Give only if necessary,,,
"Quinine (NOT ON DRUG LIST, APART OF MALARIA) ",,,Always give in combination with Doxycycline or Clindamycin,"- Can be taken with food or without food, but better to take with food to 
decrease stomach upset (especially in children).
- Swallow whole to avoid bitter taste.","Heart disease, old people, liver and kidney disease, G6PD 
deficiency.","Optic neuritis, ringing ear (tinnitus).","Headache, ringing ear (tinnitus), hot and flushed skin, nausea, 
abdominal pain,rashes, visual disturbances (also temporary 
blindness), confusion.",,Can give,Can give,,,
Sertraline,1 tab = 50 mg,"Anti-depressant, generalised anxiety disorder and panic disorder; post-traumatic stress
disorder."," It can take 6 - 8 weeks for this drug to take full effect, but the side effects
appear in the first week of treatment. This must be explained carefully to the
patient and the family: in the first few weeks of treatment the patient may
feel worse and suicide risk is increased. To stop therapy, reduce slowly by 25 mg every 2 - 4 weeks.",Can be taken with or without food,"See Fluoxetine. 
Also Kidney disease","See Fluoxetine. 
Also liver disease.","See Fluoxetine. 
Also: aggression, hepatitis, hypertension, low blood sugar
(hypoglycaemia), jaundice, palpitations, numbness, ringing in
the ears (tinnitus).",See Fluoxetine,Can give,Can give,,,
Silver Sulfadiazine,1% Cream,For Burns.,,,,Babies < 2 months.,,,,,,,
Sodium Valproate,1 tab = 200 mg,"To treat epilepsy (general and focal and absent seizures ).
 First choice for absence seizures.","- To stop therapy, reduce slowly over 2 - 3 months.
- If possible check blood levels and liver function test regularly.",Better to take with food to avoid gastric upset.,Liver disease,"- Children < 3 years old: high risk of liver failure.
- Women 15 - 45 years who are not taking contraceptions (also 
if SINGLE!): Sodium Valproate can cause major malformations!","Headache, drowsiness, dizziness, difficult to sleep, nausea, 
gastric upset, vomiting, weight gain, low platelets, hair loss, 
tremor, double vision, blurred vision, hyperactivity, sleepiness, 
hearing loss, rash.","Cloxacillin, Doxycycline, Fluconazole, Isoniazid,Itraconazole,
Paracetamol increase risk of liver damage. ",Do not give.,Do not give.,,,
Spironolactone,1 tcillab = 25 mg,Diuretic.,,,Old people; liver and renal diseases.,High Potassium.,"Nausea, impotence, gynaecomastia (increase of breast size), 
irregular periods, feeling sleepy, headache, high Potassium.","- Indomethacin increases risk of high Potassium.
- Aspirin and Combined Oral Contraceptives increase diuretic 
effect.",Do not give.,Do not give.,,,
Tafenoquine (NOT ON DRUG LIST) ,,,,,G6PD deficiency,,,,,,,,
Terramycin ,Eye ointment,"For trachoma, blepharitis.",For trachoma use for 6 weeks.,,,,,,,,,,
Tramadol,"1 caps = 50 mg. 1 amp = 2cc = 100mg. Dose may be repeated after 30 to 60 minutes, but do not give more than Max dose",For severe pain.,"Reduce dose in elderly, kidney and liver failure",,"Asthma, Chronic Obstructive Pulmonary Disease (COPD), 
hypotension, epilepsy.","Coma, acute respiratory depression (sudden difficulty in 
breathing), children.","Drowsiness, constipation, hypotension, dizziness, 
hallucinations.",,Do not give,Give only if necessary,,,
Vitamin A (SCREENSHOTS NEED ADJUSTMENT FOR EXTRA INFO) ,"1 cap = 25,000 IU or 200,000 IU","To prevent and treat vitamin A deficiencies. 
For night vision, for stronger immunity of respiratory and gastrointestinal system,
for anaemia.","Vitamin A capsules come in two sizes: 200,000 IU and 25,000 IU. 
Check carefully the strength of the capsules.",,Do not give more than recommended dose,,,,"Do not give high dose (can give 25,000 IU dose).",,,,
Vitamin B1,1 tab = 10 or 100 mg. 1 amp = 2cc = 100 mg,To prevent and treat Beri Beri.,,,,,,,,,,,
Zinc,1 tab = 15 mg (elemental zinc),To help recovery in children with acute watery diarrhoea.,"In Thailand we find mostly Zinc Gluconate 105 mg, which contains 15 mg of 
elemental zinc.
For this reason the protocol of WHO (to give Elemental Zinc 10 mg OD to 
children < 6 months and 20 mg OD to children > 6 months) has been 
adapted",To take with food to decrease gastric upset.,,,,,,,,,